Company Name,Domain Name
Razorpay,razorpay.com
NoBroker,nobroker.in
PharmEasy,pharmeasy.in
Groww,groww.in
Rapido,rapido.bike
Zetwerk,zetwerk.com
DeHaat,agrevolution.in
Niyo,goniyo.com
Lenskart,lenskart.com
Netskope,netskope.com
Licious,licious.in
ShipRocket,shiprocket.in
Shadowfax,shadowfax.in
MyGlamm,myglamm.com
Swiggy,swiggy.com
Zepto,zeptonow.com
Boat Lifestyle,boat-lifestyle.com
Udaan,udaan.com
Moglix,moglix.com
cult.fit,cult.fit
Meesho,meesho.com
Khatabook,khatabook.com
ACKO,acko.com
WayCool,waycool.in
CRED,cred.club
FirstCry,firstcry.com
GoMechanic,gomechanic.in
Porter,porter.in
Turtlemint,turtlemint.com
OfBusiness,ofbusiness.com
ShareChat,sharechat.com
Whatfix,whatfix.com
Dunzo,dunzo.com
Urban Company,urbancompany.com
DealShare,dealshare.in
upGrad,upgrad.com
SUGAR Cosmetics,sugarcosmetics.com
Vedantu,vedantu.com
HealthifyMe,healthifyme.com
Cashify,cashify.in
Square Yards,squareyards.com
Unacademy,unacademy.com
Arzooo,arzooo.com
Mamaearth,mamaearth.in
Housing,housing.com
Lendingkart,lendingkart.com
Pepperfry,pepperfry.com
Mensa Brands,mensabrands.com
HealthKart,healthkart.com
LEAD School,leadschool.in
Ola,olacabs.com
FamPay,fampay.in
smallcase,smallcase.com
Pocket FM,pocketfm.com
MPL,mpl.live
Pratilipi,pratilipi.com
Apna,apna.co
OYO,oyorooms.com
Clear,cleartax.in
Ather Energy,atherenergy.com
Bizongo,bizongo.com
Healthians,healthians.com
M2P Fintech,m2pfintech.com
Rupeek,rupeek.com
Chalo,chalo.com
Zopper,zopper.com
BharatPe,bharatpe.com
Phable,phablecare.com
PhysicsWallah,pw.live
OneScore,onescore.app
Navi,navi.com
WinZO,winzogames.com
Glance,glance.com
Captain Fresh,captainfresh.in
Treebo Hotels,treebo.com
Yulu Bikes,yulu.bike
Chargebee,chargebee.com
KredX,kredx.com
Upstox,upstox.com
slice,sliceit.com
The Good Glamm Group,goodglamm.com
Innovaccer,innovaccer.com
InCred,incred.com
Zenoti,zenoti.com
Simpl,getsimpl.com
BeatO,beatoapp.com
HomeLane,homelane.com
Reshamandi,reshamandi.com
IntrCity SmartBus,intrcity.com
Infra.Market,infra.market
Ninjacart,ninjacart.in
MedGenome,medgenome.com
WakeFit,wakefit.co
Ola Electric,olaelectric.com
Indifi,indifi.com
Fi,fi.money
Scripbox,scripbox.com
Rebel Foods,rebelfoods.com
Stanza Living,stanzaliving.com
Zeta,zeta.tech
Kuvera,kuvera.in
Money View,moneyview.in
Testbook,testbook.com
Jupiter,jupiter.money
BYJU'S,byjus.com
Smytten,smytten.com
LendenClub,lendenclub.com
Zypp Electric,zypp.app
LetsTransport,letstransport.in
UrbanPiper,urbanpiper.com
Kissht,kissht.com
IndiaLends,indialends.com
Bijnis,bijnis.com
Eruditus,eruditus.com
Observe.AI,observe.ai
Classplus,classplusapp.com
CARS24,cars24.com
Disprz,disprz.com
XpressBees,xpressbees.com
GlobalBees,globalbees.com
CoinDCX,coindcx.com
LeadSquared,leadsquared.com
Otipy,otipy.com
CoinSwitch,coinswitch.co
Plum,plumgoodness.com
Rooter,rooter.gg
Orchard Healthcare,orangehealth.in
CashKaro,cashkaro.com
BlueStone,bluestone.com
Uni Cards,uni.cards
Exotel,exotel.com
Vyapar,vyaparapp.in
WorkIndia,workindia.in
Zivame,zivame.com
Cashfree Payments,cashfree.com
ElasticRun,elastic.run
Spinny,spinny.com
Park Plus,parkplus.io
Teachmint,teachmint.com
Digit Insurance,godigit.com
Wysa,wysa.io
Postman,postman.com
CommerceIQ,commerceiq.ai
FlexiLoans,flexiloans.com
TrulyMadly,trulymadly.com
Vivriti Capital,vivriticapital.com
Xoxoday,xoxoday.com
OneCard,getonecard.app
Bobble AI,bobble.ai
KreditBee,kreditbee.in
CASHe,cashe.co.in
Ecom Express,ecomexpress.in
CityMall,citymall.live
Log9 Materials,log9materials.com
DocsApp,docsapp.in
DarwinBox,darwinbox.com
Goodera,goodera.com
Jar,myjar.app
PlayShifu,playshifu.com
Cygni Energy,cygni.com
FreshToHome Foods,freshtohome.com
Atomberg,atomberg.com
MyGate,mygate.com
BigHaat,bighaat.com
Zolve,zolve.com
Lokal,getlokalapp.com
RapidBox,rapidbox.in
MindTickle,mindtickle.com
Country Delight,countrydelight.in
Curefoods,curefoods.in
Jumbotail,jumbotail.com
Leap Finance,leapfinance.com
Scaler,scaler.com
BetterPlace,betterplace.co.in
Travel Triangle,traveltriangle.com
G.O.A.T Brand Labs,goatbrandlabs.com
DaMENSCH,damensch.com
Servify,servify.in
Trell,trell.co
Eightfold,eightfold.ai
Open,open.money
ShopKirana,shopkirana.com
magicpin,magicpin.in
your-space,your-space.in
Adda247,adda247.com
Rentomojo,rentomojo.com
Miko,miko.ai
Plum,plumhq.com
Pristyn Care,pristyncare.com
NewsBytes,newsbytesapp.com
IndiQube,indiqube.com
MoneyTap,moneytap.com
Pillow Fund,pillow.fund
Care Health Insurance,careinsurance.com
CreditMantri,creditmantri.com
Quick Ride,quickride.in
LivSpace,livspace.com
Eduvanz,eduvanz.com
GIVA Jewellery,giva.co
JusPay,juspay.in
RailYatri,railyatri.in
BluSmart,blu-smart.com
Milaap,milaap.org
Increff,increff.com
FabHotels,fabhotels.com
Hasura,hasura.io
Biryani By Kilo,biryanibykilo.com
Facilio,facilio.com
CollegeDekho,collegedekho.com
Republic,republicworld.com
API Holdings,apiholdings.in
Eka Care,eka.care
Aye Finance,ayefin.com
LambdaTest,lambdatest.com
AgniKul,agnikul.in
Grip,gripinvest.in
Sirion,sirionlabs.com
Bombay Play,bombayplay.com
HealthPlix,healthplix.com
Deep Rooted,deep-rooted.co
RenewBuy,renewbuy.com
LetsVenture,letsventure.com
Purplle,purplle.com
Leverage Edu,leverageedu.com
Ultraviolette,ultraviolette.com
Chaayos,chaayos.com
Progcap,progcap.com
BlackBuck,blackbuck.com
Samunnati,samunnati.com
LiquiLoans,liquiloans.com
Lazypay,lazypay.in
Ultrahuman,ultrahuman.com
NeoGrowth,neogrowth.in
Spice Money,spicemoney.com
Impact Guru,impactguru.com
Leena AI,leena.ai
LocoNav,loconav.com
Cityflo,cityflo.com
OnSurity,onsurity.com
Unocoin,unocoin.com
INDMoney,indmoney.com
SuperGaming,supergaming.com
OLA Money,olamoney.com
Euler Motors,eulermotors.com
Yubi,go-yubi.com
Fisdom,fisdom.com
Mfine,mfine.co
Akshayakalpa,akshayakalpa.org
Snapdeal,snapdeal.com
EloElo,eloelo.in
Qure.ai,qure.ai
Cuemath,cuemath.com
FirstMeridian,firstmeridian.com
GreyOrange,greyorange.com
Polygon,polygon.technology
DrinkPrime,drinkprime.in
Lentra,lentra.ai
Mintoak,mintoak.com
Dezerv,dezerv.in
Ayu Health,ayu.health
SOLV,solvezy.com
Quantiphi,quantiphi.com
Esper,esper.io
Furlenco,furlenco.com
Epigamia,epigamiastore.com
Excitel,excitel.com
Open Secret,opensecret.in
Hike,hike.in
Blowhorn,blowhorn.com
Kenko,kenkohealth.in
Leap Scholar,leapscholar.com
Skit,skit.ai
makeO,makeo.app
Sunstone,sunstone.in
Newton School,newtonschool.co
CropIn,cropin.com
Zaggle,zaggle.in
LoanTap,loantap.in
ePayLater,epaylater.in
EKincare,ekincare.com
Doubtnut,doubtnut.com
Skyroot,skyroot.in
Adonmo,adonmo.com
Box8,box8.in
Jodo,jodo.in
MarketsandMarkets,marketsandmarkets.com
Fraazo,fraazo.com
FrontRow,frontrow.co.in
Portea,portea.com
InterviewBit,interviewbit.com
Muthoot Microfin,muthootmicrofin.com
Redcliffe Labs,redcliffelabs.com
Faircent,faircent.com
Finova Capital,finova.in
GetVantage,getvantage.co
MCaffeine,mcaffeine.com
Prozo,prozo.com
SmartWorks,smartworksoffice.com
FarEye,getfareye.com
mPokket,mpokket.in
PropTiger,proptiger.com
Masai School,masaischool.com
TWID,twidpay.com
JetSynthesys,jetsynthesys.com
Vegrow,vegrow.in
Financepeer,financepeer.com
GoKwik,gokwik.co
Gaana,gaana.com
Droom,droom.in
Wellthy Therapeutics,wellthytherapeutics.com
Propelld,propelld.com
Truemeds,truemeds.in
Credgenics,credgenics.com
BrightChamps,brightchamps.com
Clear,clear.in
Mylo,mylofamily.com
Intello Labs,intellolabs.com
Kuku FM,kukufm.com
EatClub,eatclub.in
EnKash,enkash.com
Paz Care,pazcare.com
Agrim,agrim.app
Tata Digital Health,tatahealth.com
Niramai,niramai.com
Hevo,hevodata.com
MoooFarm,mooo.farm
Wooden Street,woodenstreet.com
Sprinto,sprinto.com
indiagold,indiagold.co
Zolo,zolostays.com
EyeMyEye,eyemyeye.com
NirogStreet,nirogstreet.com
Bira 91,bira91.com
Satyamicrocapital,satyamicrocapital.com
Airmeet,airmeet.com
StanPlus,stanplus.com
UpScalio,upscal.io
Itilite,itilite.com
NopaperForms,nopaperforms.com
Rivigo,rivigo.com
Hashnode,hashnode.com
Anunta,anuntatech.com
Dukaan,mydukaan.io
Koo,kooapp.com
Krishify,krishify.com
Treebo Hotels,treebohotels.com
Pixxel,pixxel.space
Prayosha Food Services,petpooja.com
Dozee,dozee.health
Mintifi,mintifi.com
Pocket Aces,pocketaces.in
Gramophone,gramophone.in
Medikabazaar,medikabazaar.com
Clover Ventures,clover.ag
GPS Renewables,greenpowersystems.co.in
Gigforce,gigforce.in
Isthara,isthara.com
Coutloot,coutloot.com
Ketto,ketto.org
Detect Technologies,detecttechnologies.com
CoreStack,corestack.io
Aquaconnect,aquaconnect.blue
AUS,aus.co.in
Bounce,bounceshare.com
Lohum,lohum.com
Waterfield Advisors,waterfieldadvisors.com
Josh Talks,joshtalks.com
Zoomcar,zoomcar.com
Toplyne,toplyne.io
5ire,5ire.org
SpotDraft,spotdraft.com
HCAH,hcah.in
Hopscotch,hopscotch.in
OneAssist,oneassist.in
FloBiz,flobiz.in
Filo,askfilo.com
PURE,pureev.in
HungerBox,hungerbox.com
Fittr,fittr.com
Ninety One,outdoors91.com
Chingari,chingari.io
Kale Logistics,kalelogistics.com
ToneTag,tonetag.com
FreshMenu,freshmenu.com
Anarock Property Consultants,anarock.com
BlissClub,blissclub.com
Fleetx,fleetx.io
Industrybuying,industrybuying.com
Zupee,zupee.com
Refyne,refyne.co.in
Brick&Bolt,bricknbolt.com
IDfy,idfy.com
FanClash,fanclash.in
Loop Health,loophealth.com
CSC Grameen eStore,cscestore.in
Melorra,melorra.com
Freyr Energy,freyrenergy.com
The Souled Store,thesouledstore.com
Superbottoms,superbottoms.com
Saveo,saveo.in
SilverPush,silverpush.co
Load Share,loadshare.net
SuperZop,superzop.com
Rocketlane,rocketlane.com
Daalchini,daalchini.co.in
Ftcash,ftcash.com
XYXX,xyxxcrew.com
EazyDiner,eazydiner.com
AgNext,agnext.com
Biconomy,biconomy.io
Wint Wealth,wintwealth.com
Sea6 Energy,sea6energy.com
91Springboard,91springboard.com
Bombay Shaving Company,bombayshavingcompany.com
NestAway,nestaway.com
Happilo,happilo.com
Magzter,magzter.com
Matter,matter.in
Wishfin,wishfin.com
Stashfin,stashfin.com
Ashoka,ashoka.edu.in
Clove Dental,clovedental.in
Design Cafe,designcafe.com
Fitterfly,fitterfly.com
TheMathCompany,themathcompany.com
Atlan,atlan.com
Zostel,zostel.com
Kristal,kristal.ai
LoveLocal,lovelocal.in
SAMCO,samco.in
Battery Smart,batterysmart.in
Chqbook,chqbook.com
Jugnoo,jugnoo.in
Awign,awign.com
Elucidata,elucidata.io
Talview,talview.com
OneCode,onecode.in
Third Wave Coffee Roasters,thirdwavecoffeeroasters.com
M1xchange,m1xchange.com
Wealthy,wealthy.in
MoEving,moeving.com
Cityfurnish,cityfurnish.com
SquadStack,squadstack.com
FAB BAG,fabbag.com
91Squarefeet,91squarefeet.com
Convosight,convosight.com
BeepKart,beepkart.com
Tripoto,tripoto.com
Locus,locus.sh
Mojocare,mojocare.com
Voonik,voonik.com
Collpoll,collpoll.com
Instamojo,instamojo.com
Yoga Bar,yogabars.in
Smart Joules,smartjoules.co.in
WebEngage,webengage.com
SUN Mobility,sunmobility.com
Juicy Chemistry,juicychemistry.com
Soothe Healthcare,soothehealthcare.com
Karbon,karboncard.com
Shubham,shubham.co
Lumiq,lumiq.ai
Kutumb,kutumbapp.com
Mosaic Wellness,mosaicwellness.in
DailyObjects,dailyobjects.com
MyShubhLife,myshubhlife.com
Drip Capital,dripcapital.com
Slurrp Farm,slurrpfarm.com
Peel-Works,peel-works.com
Entropik Tech,entropiktech.com
SplashLearn,splashlearn.com
Stellapps,stellapps.com
Exponent Energy,exponent.energy
MoEngage,moengage.com
DotPe,dotpe.in
Rigi,rigi.club
Statiq,statiq.in
Magma HDI General Insurance,magmahdi.com
GOQii,goqii.com
Amaha,amahahealth.com
Fincare Business Services,fincare.com
BYJU'S Exam Prep,byjusexamprep.com
Mswipe,mswipe.com
Klub,klubworks.com
Sterlite Power,sterlitepower.com
Skill Lync,skill-lync.com
Altigreen,altigreen.com
India Shelter Finance Corporation,indiashelter.in
Housr,housr.in
Ergos,ergos.in
Powerplay,getpowerplay.in
Vauld,vauld.com
PropertyShare,propertyshare.in
Blue Tokai Coffee,bluetokaicoffee.com
SaaS Labs,saaslabs.co
Imarticus,imarticus.org
Neeman's,neemans.com
Rupifi,rupifi.com
Procol,procol.io
Flickstree,flickstree.com
Electronic Payment and Services,electronicpay.in
SILA,silagroup.co.in
Rage Coffee,ragecoffee.com
Trinkerr,trinkerr.com
WeRize,werize.com
Shipsy,shipsy.io
Pureplay Skin Sciences,teampureplay.com
Superops Technologies,superops.ai
Uolo,theuolo.com
Emiza,emizainc.com
Novopay,novopay.in
Fipola,fipola.in
Signzy,signzy.com
DriveU,driveu.in
Vahan,vahan.co
Practically,practically.com
Chai Point,chaipoint.com
Fashinza,fashinza.com
Bella Vita Organic,bellavitaorganic.com
GroMo,gromo.in
Karkinos Healthcare,karkinos.in
Eggoz Nutrition,eggoz.in
Foyr,foyr.com
FableStreet,fablestreet.com
EHFL,easyhomefinance.in
Purple Style Labs,purplestylelabs.com
Riskcovry,riskcovry.com
Oxyzo,oxyzo.in
CredAvenue,credavenuesecurities.com
Save Solutions,saveind.in
Vahdam Teas,vahdamteas.com
Internshala,internshala.com
AppsForBharat,appsforbharat.com
Fyle,fylehq.com
Rephrase.ai,rephrase.ai
Faasos,faasos.com
Piramal Realty,piramalrealty.com
Infinity Learn,infinitylearn.com
Onsitego,onsitego.com
Adani,adanielectricity.com
Auxilo,auxilo.com
Kinara Capital,kinaracapital.com
TenderCuts,tendercuts.in
OkCredit,okcredit.in
1K Kirana Bazaar,1knetworks.com
Senseforth,senseforth.ai
O4S,o4s.io
Molbio Diagnostics,molbiodiagnostics.com
Gourmet Garden,gourmetgarden.in
Nua,nuawoman.com
Profectus Capital,profectuscapital.com
Wishup,wishup.co
Turnip,turnip.gg
Wed Me Good,wedmegood.com
MyHealthcare,myhealthcare.co
Groyyo,groyyo.com
Freightwalla,freightwalla.com
Artium Academy,artiumacademy.com
Bijak,bijak.in
The Man Company,themancompany.com
Livguard,livguard.com
Genworks Health,genworkshealth.com
Snapmint,snapmint.com
Appsmith,appsmith.com
Boodmo,boodmo.com
HomeCapital,homecapital.in
Veritas Finance,veritasfin.in
Nira Finance,nirafinance.com
Sanctum,sanctumwealth.com
VuNet Systems,vunetsystems.com
Verloop.io,verloop.io
Apnaklub,apnaklub.com
Varthana,varthana.com
Entri,entri.app
Bulk MRO,bulkmro.com
Decentro,decentro.tech
Cube Wealth,bankoncube.com
Spoonshot,spoonshot.com
StockGro,stockgro.club
Tricog,tricog.com
Stockal,stockal.com
Sewa Grih RIN Limited,sgrlimited.in
Ascent Health & Wellness Solutions,ahwspl.com
Breathe Well-Being,breathewellbeing.in
WOW Skin Science,buywow.in
Apollo Health and Lifestyle Limited,apolloclinic.com
Oye Rickshaw,oyerickshaw.com
Edelweiss Tokio Life,edelweisstokio.in
Tork Motors,torkmotors.com
Basic Home Loan,basichomeloan.com
Camp K12,campk12.com
Avaada,avaadaenergy.com
Sheroes,sheroes.com
Revv,revv.co.in
Bikayi,bikayi.com
Awiros,awiros.com
Headfone,headfone.co.in
Livpure,livpure.in
Get My Parking,getmyparking.com
Minimalist,beminimalist.co
SafexPay,safexpay.com
Strata,strataprop.com
Keka,keka.com
The Wadhwa Group,thewadhwagroup.com
BOLT,bolt.earth
Flipspaces,flipspaces.com
Way2News,way2news.com
Pathkind Labs,pathkindlabs.com
FarMart,farmart.co
Finnable,finnable.com
Sterling Accuris Diagnostics,sterlingaccuris.com
FloCareer,flocareer.com
Phool,phool.co
Shiprocket 360,360.shiprocket.in
Oxfordcaps,oxfordcaps.com
Wingreens,wingreensworld.com
Healofy,healofy.com
Jai Kisan,jai-kisan.com
GMW,gayammotorworks.com
SBFC,sbfc.com
axio,axio.co.in
Massive Restaurants,massiverestaurants.com
Qyuki,qyuki.com
Leixir,leixir.com
Medfin,medfin.in
Forus Health,forushealth.com
Applicate,applicate.in
AvantiLC,avanti.in
Recykal,recykal.com
Craftsvilla,craftsvilla.com
BGauss,bgauss.com
HealthAssure,healthassure.in
Ace Turtle Services,aceturtle.com
Zeno Health,zeno.health
TagBox,tagbox.co
Kaleidofin,kaleidofin.com
Kings Learning,kingslearning.in
Absolute,absolute.ag
Vokal,vokal.in
Paytm Payments Bank,paytmbank.com
CHARGE+ZONE,chargezone.com
Wicked Ride,wickedride.com
EkAnek,ekanek.io
AlgoBulls,algobulls.com
Kapiva,kapiva.in
Cure Skin,cureskin.com
Wmall,wmall.co.in
Prescinto,prescinto.ai
Fyllo,fyllo.in
Altum Credo,altumcredo.com
Hero Future Energies,herofutureenergies.com
Connect India,connectindia.com
Raise,raiseholding.co
RedCarpetUp,redcarpetup.com
Zuper,zuper.co
Sri Mandir,srimandir.in
Colive,colive.com
Virohan,virohan.com
Dogsee Chew,dogseechew.in
Questt,questt.com
CloudSEK,cloudsek.com
Igenetic,igenetic.com
Cashflo,cashflo.io
Sahyadri Farms,sahyadrifarms.com
Skillmatics,skillmaticsworld.com
Fourth Partner Energy,fourthpartner.co
TartanSense,tartansense.com
Synaptic,synaptic.com
OMC Power,omcpower.com
100ms,100ms.live
ShopSe,getshopse.com
Mad Street Den,madstreetden.com
Anchanto,anchanto.com
Paytm Mall,paytmmall.com
Gyandhan,gyandhan.com
Airblack,airblack.co
Unbox Robotics,unboxrobotics.com
Invixium,invixium.com
Buddy4study,buddy4study.com
Wellbeing Nutrition,wellbeingnutrition.com
Lo! Foods,lofoods.fit
Winuall,winuall.com
Supertails,supertails.com
Good Dot,gooddot.in
OTO,otocapital.in
ZipLoan,ziploan.in
Punjab Renewable Energy Systems,prespl.com
Infinite Uptime,infinite-uptime.com
Instoried,instoried.com
The Whole Truth Foods,thewholetruthfoods.com
SleepyCat,sleepycat.in
Aavenir,aavenir.com
InCred Capital,incredcapital.com
Sub-K,subk.co.in
Sarva,sarva.com
Velocity,velocity.in
IndiaFilings,indiafilings.com
Leap.Club,leap.club
Bugworks Research,bugworksresearch.com
Frontier Markets,frontiermkts.com
Orange Retail Finance,orangeretailfinance.com
MediSage,mymedisage.com
Borzo,borzodelivery.com
FitCircle,fitcircle.in
Easebuzz,easebuzz.in
Celebal Technologies,celebaltech.com
Namaste Credit,namastecredit.com
Sigmoid Analytics,sigmoid.com
EasyRewardz,easyrewardz.com
The Sleep Company,thesleepcompany.in
EatSure,eatsure.com
SigTuple,sigtuple.com
Ripplr,ripplr.in
Niyotail,niyotail.com
YAP,yappay.in
BroEx,broex.in
Leegality,leegality.com
Bonito Designs,bonito.in
MySmartPrice,mysmartprice.com
BlueSemi,bluesemi.io
Pocketpills,pocketpills.com
Titan,titan.email
IntelleGrow,intellegrow.com
CrownIt,crownit.in
LEAP,leapindia.net
CrediHealth,credihealth.com
Power2SME,power2sme.com
InstaDApp,instadapp.io
Animall,animall.in
True Balance,truebalance.io
LYNK logistics,lynk.co.in
CORE Diagnostics,corediagnostics.in
Public,public.app
Healthspring,healthspring.in
Hippo Video,hippovideo.io
MoneyOnClick,moneyonclick.com
Garuda Aerospace,garudaaerospace.com
One Impression,oneimpression.io
RevFin,revfin.in
Simpliwork,simpliwork.com
Creative Galileo,creativegalileo.com
5paisa Capital,5paisa.com
Eupheus,eupheus.in
Bhanzu,bhanzu.com
Nivesh,nivesh.com
Apollo Pharmacy,apollopharmacy.in
Chakr Innovation,chakr.in
PrintVenue,printvenue.com
Entero Healthcare,enterohealthcare.com
Burger Singh,burgersinghonline.com
i2e1,i2e1.com
CureBay,curebay.com
Everstage,everstage.com
FabAlley,faballey.com
CredRight,credright.com
Retailio,retailio.in
ClearDekho,cleardekho.com
EduIsFun,eduisfun.com
Three Wheels United,threewheelsunited.com
WelcomeCure,welcomecure.com
IndiGrid,indigrid.co.in
H2O.ai,h2o.ai
Sequretek,sequretek.com
Immuneel,immuneel.com
Biddano,biddano.com
Gnani.ai,gnani.ai
Proactive For Her,proactiveforher.com
Adpushup,adpushup.com
Hashtag Loyalty,hashtagloyalty.com
Zimyo,zimyo.com
Mahindra Manulife,mahindramanulife.com
LimeTray,limetray.com
NxtGen Datacenter,nxtgen.com
TVFPlay,tvfplay.com
The Phy Life,thephylife.com
Geniemode,geniemode.com
Ummeed Housing Finance,ummeedhfc.com
KrazyBee,kbnbfc.in
Foresight Group,foresightgroup.com
Freight Tiger,freighttiger.com
Rays Power Infra,rayspowerinfra.com
Yellow Class,yellowclass.com
Believe,believe.sg
Candes,candesworld.com
Ayana,ayanapower.com
Arcion,arcion.io
PlanetSpark,planetspark.in
MyUpchar,myupchar.com
Biryani Blues,biryaniblues.com
LegalDesk,legaldesk.com
Pepper Content,peppercontent.io
SecureNow,securenow.in
Joveo,joveo.com
WheelsEMI,wheelsemi.com
AnalyticsVidhya,analyticsvidhya.com
5C Network,5cnetwork.com
PickYourTrail,pickyourtrail.com
AssetPlus,assetplus.in
CrowdAnalytix,crowdanalytix.com
Access Healthcare,accesshealthcare.com
DusMinute,dusminute.com
PagarBook,pagarbook.com
VideoVerse,vverse.ai
String Bio,stringbio.com
Avanti,avantifinance.in
SP Robotic Works,sproboticworks.com
Koye Pharmaceuticals,koye.co
Sanfe,sanfe.in
Worxogo,worxogo.com
Goals101,goals101.ai
WeInvest,weinvest.net
FinBox,finbox.in
HappyEasyGo,happyeasygo.com
Doceree,doceree.com
Rtbrick,rtbrick.com
UC Inclusive Credit,ucinclusive.in
Sleepy Owl,sleepyowl.co
Ascenso,ascensotyres.com
Zentron Labs,zentronlabs.com
Sminq,sminq.com
DaveAI,iamdave.ai
Glamyo Health,glamyohealth.in
Flock,flock.com
Haber,haberwater.com
Kitchens at,kitchens-at.com
Faasos,faasos.io
Workex,workex.jobs
PumPumPum,pumpumpum.com
CredR,credr.com
Clensta,clensta.com
AdmitKard,admitkard.com
CityKart,citykartretail.com
Intelligence Node,intelligencenode.com
Brinton Pharmaceuticals,brintonhealth.com
Trendlyne,trendlyne.com
Gamezop,gamezop.com
Fibe,fibe.in
Onco,onco.com
Khelomore,khelomore.com
GrowFit,getgrowfit.com
Goapptiv,goapptiv.com
Mihup,mihup.com
Eekifoods,eekifoods.com
Baby Destination,babydestination.com
Skillbee,skillbee.com
Everest Fleet,everestfleet.com
Aviom,aviom.in
Living Food,livingfood.co
Orbo,orbo.ai
Renee Cosmetics,reneecosmetics.in
Gati-Kintetsu,gatikwe.com
Awfis,awfis.com
Blox,blox.xyz
Toffee,toffeeinsurance.com
Unnati,unnatiagri.com
Faclon Labs,faclon.com
Assiduus,assiduusglobal.com
Stay Vista,stayvista.com
Origo Commodities India,origoindia.com
Salesken,salesken.ai
Scentials,scentialsworld.com
Mukunda Foods,mukundafoods.com
SMEcorner,smecorner.com
TrusTrace,trustrace.com
Mars by GHC,ghc.health
Translumina Therapeutics,translumina.in
TeamLease Edtech,teamleaseedtech.com
Zumutor,zumutor.com
ElectraEV,electraev.com
Marquee Equity,marquee-equity.com
CHFL,chfl.co.in
CredAble,credable.in
GoBOLT,gobolt.in
Arrivae,arrivae.com
QuestBook,questbook.app
CIEL HR,cielhr.com
Gramin Healthcare,graminhealthcare.com
Bigspoon,bigspoon.io
Oriano Solar,oriano.com
Avantha Group,avanthagroup.com
SmartCoin,smartcoin.co.in
Coverfox,coverfox.com
Fintso,fintso.com
MaxWholesale,maxwholesale.in
Cytecare,cytecare.com
Let's Recycle,letsrecycle.in
Innoplexus,innoplexus.com
Fast&Up,fastandup.in
PayPhi,payphi.com
Top Rankers,toprankers.com
SuperSplit,supersplit.in
Emoha,emoha.com
Vakilsearch,vakilsearch.com
FingPay,fingpay.co.in
Stepapp,stepapp.ai
Bare Anatomy,bareanatomy.in
Synapsica,synapsica.com
InnAccel,innaccel.com
Bellatrix Aerospace,bellatrix.aero
Astrome,astrome.co
Navia Life Care,navialifecare.com
Aureus,aureusanalytics.com
Locofast,locofast.com
Niki,niki.ai
iBus Networks,ibusnetworks.com
Lavelle Networks,lavellenetworks.com
Cancer Clinics,cancerclinics.in
ShopX,shopx.in
TSLC,tslcglobal.com
WISE,wiseapp.live
SarvaGram,sarvagram.com
GramCover,gramcover.com
Fedbank Financial Services,fedfina.com
K12 Techno Services,k12technoservices.com
Our Food,ourfood.co.in
ShoppinPal,shoppinpal.com
Isprava,isprava.com
Goodbox,goodbox.in
Ethereum Push Notification Service,epns.io
KNAB Finance,knabfinance.com
SuperShare,ssup.co
Dhani Pay,dhanipay.in
Mall91,mall91.com
OfBusiness,ofbusiness.in
SnapBizz,snapbizz.com
NSPIRA,nspira.in
CallHealth,callhealth.com
RemitGuru,remitguru.com
Voylla,voylla.com
Signature Global,signatureglobal.in
EasyEcom,easyecom.io
Medwell Ventures,medwellventures.com
Career Power,careerpower.in
Sindhuja Microcredit,sindhujamicrocredit.com
Drivezy,drivezy.com
Samhi Hotels,samhi.co.in
FlixStock,flixstock.com
PeeSafe,peesafe.com
Rusk Media,ruskmedia.com
PivotRoots,pivotroots.com
Pocket52,pocket52.com
Newspace Research and Technologies,newspace.co.in
DataWeave,dataweave.com
Farmley,farmley.com
Entri,entri.me
Greenway Appliances,greenwayappliances.com
Virgio,virgio.com
V Resorts,vresorts.in
Culture Machine,culturemachine.co
Vahak,vahak.in
The Ken,the-ken.com
Food Service,foodserviceindia.com
HROne,hrone.cloud
Hudle,hudle.in
AINU,ainuindia.org
Browntape,browntape.com
Drivetrain,drivetrain.ai
Shiksha Finance,shikshafinance.com
BangDB,bangdb.com
VIVIFI,vivifin.com
NLPBots,nlpbots.com
Fable Fintech,fablefintech.com
Rocketium,rocketium.com
Happy Loans,happyness.net
Vidal Healthcare,vidalhealthtpa.com
Square Panda,squarepanda.in
Trinity Mobility,trinitymobility.com
Bright LifeCare,blife.in
StoreKing,storeking.in
Iba Cosmetics,ibacosmetics.com
CrediWatch,crediwatch.com
Univariety,univariety.com
SuperProfs,superprofs.com
GetMega,getmega.com
ShipsKart,shipskart.com
Pitstop,getpitstop.com
Tartan,tartanhq.com
Join Ventures,joinventures.com
Samosa,samosaapp.com
Zappfresh,zappfresh.com
Nestasia,nestasia.in
Plix,plixlife.com
Collectabillia,collectabillia.com
Tranzact,letstranzact.com
Finity,finity.in
Pankhuri,pankhuri.co
Wiz,wizfreight.com
MarketWolf,marketwolf.com
Aryadhan Financial Solutions,aryadhan.com
BECO,letsbeco.com
ARISE IIP,ariseiip.com
PayGlocal,payglocal.in
Magnifi,magnifi.ai
Power Gummies,powergummies.com
Teabox,teabox.com
90+ My Tuition App,mytuitionapp.com
EM3 Agri Services,em3agri.com
HotLink,hotlink.com
MedTrail,medtrail.in
WhistleDrive,whistledrive.com
Zvolv,zvolv.com
Insurance Samadhan,insurancesamadhan.com
Eyestem,eyestem.com
LearnApp,learnapp.com
Virescent Renewable Energy Trust,virescent.co.in
ZebPay,zebpay.com
LifeCare Health,lifecarehealth.com
EdgeTensor,edgetensor.com
ParallelDots,paralleldots.com
USPL World,usplworld.com
Big Bang Boom Solutions,bigbangboom.com
ZunRoof,zunroof.com
CloudByte,cloudbyte.com
Cogoport,cogoport.com
NEETprep,neetprep.com
Absolute Barbecue,absolutebarbecues.com
RealBooks,realbooks.in
Thinkerbell Labs,thinkerbelllabs.com
Medkart,medkart.in
Liberty General Insurance,libertyinsurance.in
New Street Technologies,newstreettech.com
Remedo,remedoapp.com
Yepme,yepme.com
Wheelocity,wheelocity.com
Elan,elanlimited.com
Institutional Investor Advisory Services,iias.in
Freewill,freewill.co
Be Well Hospitals,bewellhospitals.in
BharatAgri,bharatagri.com
THB,thb.co.in
Lohono,lohono.com
NewsDog,newsdogapp.com
Arata,arata.in
BalleBaazi,ballebaazi.com
Optimized Electrotech,optimizedelectrotech.com
Caplin Steriles,caplinsteriles.net
Stellar Value Chain,stellarvaluechain.com
ThePrint,theprint.in
Grow Indigo,growindigo.co.in
Neewee,neewee.ai
Essmart,essmart-global.com
Symbo Insurance,symboinsurance.com
Nxtra,nxtra.in
Hasiru Dala Innovations,hasirudalainnovations.com
GMR Infrastructure,gmrinfra.com
Aditya Birla Health,adityabirlahealth.com
Rent Alpha,rentalpha.com
Bolo Live,bololive.com
Nat Habit,nathabit.in
Draup,draup.com
Loan Frame,loanframe.com
Lilac Insights,lilacinsights.com
Captain Zack,captainzack.in
Deeptek,deeptek.ai
psbloansin59minutes.com,psbloansin59minutes.com
Earth Rhythm,earthrhythm.com
Uptime AI,uptimeai.com
Sabka Dentist,sabkadentist.com
KareXpert,karexpert.com
Gemini Edibles & Fats,gefindia.com
CBREX,cbr.exchange
TripHobo,triphobo.com
Avenue Growth,avenuegrowth.com
IMAX,imaxprogram.com
BRFL,bombayrayontextiles.com
The Ayurveda Co,theayurvedaco.com
HONO,hono.ai
Verzeo,verzeo.com
TESSOL,tessol.in
AhaGuru,ahaguru.com
Openhouse,openhouse.study
Ela,elawoman.com
Thrive,thrivenow.in
OncoStem,oncostem.com
CustomFurnish,customfurnish.com
Tapits Technologies,tapits.in
Samosa Singh,samosasingh.com
InteGraceHealth,integracehealth.com
MoMAGIC Technologies,momagic.com
Max Protein,maxprotein.in
Mokobara,mokobara.com
Yu Foodlabs,yufoodlabs.com
4TiGO,4tigo.com
DosaMatic,dosamatic.com
Swajal,swajal.in
IndInfravit,indinfravit.com
GrayQuest,grayquest.com
Phyllo,getphyllo.com
Syook,syook.com
Capacite Infraproject,capacite.in
Solethreads,solethreads.com
Swipe Technologies,justswipe.com
PepperTap,peppertap.com
Airpay,airpay.co.in
ProcMart,procmart.com
John Jacobs Eyewear,johnjacobseyewear.com
Tata Power Renewable Energy,tatapowerrenewables.com
Pharmazz,pharmazz.com
Just Dogs,justdogsstore.com
GramFactory,gramfactory.com
Unilodgers,unilodgers.com
FieldEZ,fieldez.com
Fingerlix,fingerlix.com
Quintype,quintype.com
Glocal Healthcare Systems,ghspl.com
Verteil Technologies,verteil.com
Arré,arre.co.in
Vidal Health,vidalhealth.com
Vserv,vserv.com
Parentlane,parentlane.com
VnF,freshvnf.com
RFCL,rfcl.co.in
OnlineSales,onlinesales.ai
BuyerAssist,buyerassist.io
Express Clinics,expressclinics.in
Mahindra Aerospace,mahindraaerospace.com
HUVIAiR,huviair.com
Housejoy,housejoy.in
Attentive AI,attentive.ai
Vajro,vajro.com
Aether Biomedical,aetherbiomedical.com
Style Baazar,stylebaazar.com
Orocorp Technologies,orocorp.in
Affordplan,affordplan.com
Wholesalebox,wholesalebox.in
LILA Games,lilagames.com
Qarmatek,qarmatek.com
MemeChat,memechat.app
GegaDyne,gegadyne.com
Ant Farm,antfarm.in
Belong,belong.co
Celcius,celcius.in
Securens,securens.in
Shortlist,shortlist.net
The Family Doctor,thefamilydoctor.co.in
Veefin,veefin.com
PolicyBoss,policyboss.com
Upwards,upwards.in
Magenta Mobility,magentamobility.com
Innovcare Life Sciences,innovcare.in
Polestar,polestarllp.com
Wow Momo Foods,wowmomofoodsbd.com
Qtrove,qtrove.com
ImmunoACT,immunoact.com
Vendiman,vendiman.com
Go Colors,gocolors.co.in
Online PSB Loans,onlinepsbloans.com
KlaySchools,klayschools.com
Mother Sparsh Baby Care,mothersparsh.com
Thinkster,hellothinkster.co.in
Qureka,qureka.com
Uniqus,uniqus.com
Khanal Foods,khanalfoods.com
Twixor,twixor.com
Ujala Cygnus,ujalacygnus.com
WeWork,wework.co.in
AntWorks,ant.works
Founding Years,founding-years.com
IncNut Digital,incnut.com
Osam Dairy,osamdairy.com
Solar Square,solarsquare.in
Autorox,autorox.co
Varsity,varsitymgmt.com
AntWalk,antwalk.com
Videogram,videogram.com
SBI Payment Services,sbipayments.com
Luker,lukerindia.com
e2E Rail,etoerail.com
FS Life,fslife.co
Yebhi.com,yebhi.com
Vaultize,vaultize.com
Elevar Sports,elevarsports.com
MaxCure Hospitals,maxcurehospitals.com
Jify,jify.co
ArisInfra,arisinfra.com
Olive Theory,olivetheory.com
California Burrito,californiaburrito.in
Airmed,airmedlabs.com
iBot,iamibot.com
BuildSupply,buildsupply.com
Ignitarium,ignitarium.com
Svarochi,svarochi.com
Little Laureates,littlelaureates.com
LetsShave,letsshave.com
Quiph,quiph.com
Graphicpop,graphicpop.com
Heckyl Technologies,heckyl.com
Wysh,thewysh.com
SmarterHomes,smarterhomes.com
School Of Accelerated Learning,schoolofacceleratedlearning.com
Pepper,peppercontent.in
CureJoy,curejoy.com
Leap India Food and Logistics,leapifl.com
Propstack,propstack.com
FRND,frnd.app
MobiGarage,mobigarage.com
Last9,last9.io
Ecotrail Personal Care,ecotrailpersonalcare.com
Glitterbug,glitterbug.in
Veri5Digital,veri5digital.com
PlayerzPot,playerzpot.com
Symbo,symbo.co
Foodstrong,foodstrong.co
Plaeto,plaeto.in
The Karadi Path,karadipath.com
Hippocampus,hlc.org.in
RforRabbit,rforrabbit.com
EDGE,getedge.ai
Arinna Lifesciences,arinnalifesciences.com
Ayekart,ayekart.com
Finnov,finnov.in
nCORE Games,ncoregames.com
Roadrunnr,roadrunnr.in
BluArmor,thebluarmor.com
ClayWorks,clayworks.space
Prism Force,prismforce.com
Etrio,etrio.in
Schedulers Logistics,schedulers.in
AntWak,antwak.com
Mozark,mozark.ai
Esyasoft,esyasoft.com
KapitalTech,kapitaltech.com
Gynoveda,gynoveda.com
SmartE,getsmarte.in
NumberMall,numbermall.com
Stelis Biosource,stelisbiosource.com
PlasmaGen Biosciences,plasmagen.in
LivQuik,livquik.com
Pandorum,pandorum.com
Behtar,behtarvalue.com
Cube Highways,cubehighways.com
Guardian Link,guardianlink.io
Consure Medical,consuremedical.com
Pi DATACENTERS,pidatacenters.com
1-India Family Mart,1indiafamilymart.com
ITW,itwglobal.com
DhiWise,dhiwise.com
Voxelgrids,voxelgrids.com
Anthem,getanthem.co
Serentica Renewables,serenticaglobal.com
Ovum Hospitals,ovumhospitals.com
Homekraft,homekraft.in
HealthSignz,healthsignz.com
Assurekit,assurekit.com
IMASTUDENT,imastudent.com
KOOH Sports,koohsports.com
Manipal Integrated Services,manipalis.in
Oro Money,oromoney.in
Ability Games,abilitygames.in
DataTorrent,datatorrent.com
TripFactory,tripfactory.com
Team Indus,teamindus.in
MeraJob,merajob.in
Mohalla Tech,mohallatech.vdtrxn
LitmusWorld,litmusworld.com
PokerDangal,pokerdangal.com
QueueBuster,queuebuster.co
Nao Spirits,naospirits.com
Jiraaf,jiraaf.com
Latest One,latestone.com
YUHI,yuhihospitality.com
SoOLEGAL,soolegal.com
Zooty,zooty.in
TrueFan,truefan.life
Besharam,imbesharam.com
Automony,automony.in
Intech,intechadditive.com
Kishlay,kishlayfoods.com
Wydr,wydr.in
Simply Fresh,simplyfresh.co.in
Pilgrim,discoverpilgrim.com
PMaps,pmapstest.com
Oku Tech,okutech.in
PayKun,paykun.com
SS Supply Chain-3SC,3scsolution.com
Prompt AMCS,promptamcs.com
Canpac,canpac.in
Yumlane,yumlane.in
Fourth Frontier,fourthfrontier.com
EroNKan,eronkan.com
Innefu,innefu.com
oslash,oslash.com
Touchtalent,touchtalent.com
Wishberry,wishberry.in
cKers Finance,ckersfinance.in
ABL,ablworkspaces.com
Mynvax,mynvax.com
Upswing,upswing.one
Pine,pine.loans
APAC Group,apacfin.com
CoinTribe,cointribe.com
Saltside,saltside.se
EnglishEdge,englishedge.in
Zeven,zevenworld.com
PiggyRide,piggyride.com
Fedo,fedo.ai
Timesaverz,timesaverz.com
Finbingo,finbingo.com
Ottomate,ottomate.com
Charmboard,charmboard.com
Srichakra Polyplast,srichakra.in
Onebanc,onebanc.ai
Flexmoney,flexmoney.in
Switch Mobility,switchmobility.in
Mogae Media,mogaemedia.com
2Go,2golife.in
Diro,diro.io
Collateral Medical,colmed.in
Doctor Insta,doctorinsta.com
U2opia Mobile,u2opiamobile.com
ASAP bars,biteasap.com
Transerve,transerv.co.in
TrooGood,troogood.com
Corvi LED Light,corvi.com
Ankura Hospital,ankurahospitals.com
Taskmo,taskmo.com
Empays Payment Systems,empays.com
Azani,azanicare.com
Bombay Shirt Company,bombayshirts.com
Pastiwala,pastiwala.com
Juggernaut,juggernaut.in
Little Laureates,littlelaureates.org
Stranger and Sons,strangerandsons.com
MonJin,monjin.com
Adansa Solutions,adansa.com
Omni Hospitals,omnihospitals.in
Global CP,globalcp.in
Magic Crate,magiccrate.in
VelvetCase,velvetcase.com
Shopalyst,shopalyst.com
Zink London,zinklondon.in
WOW Express,wowexpress.in
Telluris Biotech India,tellurisbiotech.com
Signalchip Innovations,signalchip.com
Yaap,yaap.in
Intergrow Brands,intergrowbrands.com
Boutique Spirit Brands,boutiquespiritbrands.com
KRIYA,kriyamed.com
Aesthetic,aestheticnutrition.in
Chai Break,chaibreak.co.in
Alivira,alivira.co
Module Innovations,moduleinnovations.com
EZMall,ezmall.com
Eekifoods,eeki.com
DriveX,drivex.in
Epack Durable,epackdurable.com
Formcept,formcept.com
Xalta,xalta.in
Frendy,frendy.in
Yellowant,yellowant.com
WudStay,wudstay.com
LOGOS India,logosindia.com
LinkStreet,linkstreet.in
Unbound,unbound.finance
BonusHub,bonushub.co.in
Teewe,teewe.in
Redcliffe Hygiene,redcliffehygiene.com
DocTalk,getdoctalk.com
Auntie Fung's,auntiefungs.com
Rivaara Labs,rivaaralabs.com
Sukoon,sukoonhealth.com
Sustainable Agro commercial Finance,safl.in
Purple Tutor,purpletutor.com
SAHA,sahadevelopers.com
Digiperform,digiperform.com
MyLoanCare,myloancare.in
NAYAN,nayan.co
Smiles.ai,smiles.ai
Alethea Communications Technologies,alethea.in
HappyDemic,happydemic.com
Flintobox,flintobox.com
Shanders Properties,shandersproperties.com
Wassup,wassupondemand.com
Wisdom Tooth Technologies,wisdomtooth.tech
Trezi,trezi.com
SquarePlums,squareplums.com
QED,qedquest.com
Sukkhi Fashion Jewellery,sukkhi.com
Devtron,devtron.ai
EFeed,efeed.in
Healwell24,healwell24.com
Boonbox,boonbox.com
Motilal Oswal,motilaloswalre.com
Euclid Labs,euclidlabs.in
Sayre Therapeutics,sayretherapeutics.com
Network FP,networkfp.com
Escrowpay,escrowpayindia.com
vPhrase,vphrase.com
FlintoClass,flintoclass.com
White Owl Brewery,whiteowl.in
Inthree,inthreeaccess.com
B.LAB,blab.co.in
Mobilous,mobilous.com
Barrix Agro Sciences,barrix.in
Rozbuzz,rozbuzz.com
Bullieverse,bullieverse.com
GreenJoules,greenjoules.in
7Ink Brews,7inkbrews.com
Janajal,janajal.com
Frshly,gofrshly.com
Boond,boond.net
SHUNYA,drinkshunya.com
9stacks,9stacks.com
RezNext,reznext.com
Healthi,healthi.in
OneBreath,onebreathventilators.com
Entrust Family Office,entrustfamilyoffice.com
Greenvironment India,greenvironmentindia.com
Walko Food Company Private Limited,walkofood.com
Invictus Oncology,invictusoncology.com
Paradise Food Court,paradisefoodcourt.com
Akiva Superfoods,akivasuperfoods.com
BeYouPlus,beyouplus.com
Maiyas Beverages and Foods,maiyas.in
Investmint,invesmint.com
Spectral Insights,spectralinsights.com
Catwalk,catwalk.net.in
Lucro,lucro.in
Enterprise Tiger,entiger.co
Kinsane Entertainment,kinsane.com
Smartworld,smartworlddevelopers.com
FreshR,freshr.co.in
HFN Kisan,hfnkisan.com
V-Ensure Pharma Technologies,v-ensure.com
Hippocampus,hippocampus.in
Bookeventz,bookeventz.com
Bangalore Elevated Tollway,blrelevated.co.in
Mauto,melectric.in
Experion,experion.co
River,rideriver.com
Mufin Finance,mufinfinance.com
Ethosh,ethosh.com
IndianRoots,indianroots.in
Frozen Bottle,frozenbottle.in
Trivone,trivone.com
eSports Daily,esportsdaily.in
Au Housing Finance,auhfin.in
Green India Building Systems and Services,gibss.in
Shotang,shotang.com
Showroom,showroomb2b.com
WorkPack,workpack.in
PI Green Innovations,pigreeninnovations.com
SkinKraft,skinkraft.com
Cellix,cellixbio.com
Aura Semiconductors,aurasemi.com
SmartVizX,smartvizx.com
Nueclear,nueclear.com
Akumentis Heathcare,akumentishealthcare.com
Radiowalla,radiowalla.in
Nischint,nischint.com
Indiabulls Pharmaceuticals,indiabullspharmaceuticals.com
Storia Foods,storiafoods.com
Rentickle,rentickle.com
Beldara,beldara.com
Le15,le15.com
Cygnus Hospitals,cygnusmedicare.com
Mera Gao Power,meragaopower.com
Furtados School of Music,furtadosschoolofmusic.com
TradeLab,tradelab.in
JewelMaze,jewelmaze.com
Skyline Vet Pharma,skylinevetpharma.com
Shop Your World,shopyourworld.com
AVITA,avita-india.com
Perpetuuiti,ptechnosoft.com
E42,e42.ai
Sagacito,sagacito.com
VestaSpace Technology,vestaspacetech.com
KHETHINEXT,khethinext.com
All About Outdoor,allaboutoutdoor.com
Money-On-Mobile,money-on-mobile.net
Schrocken,schrocken.com
Urban Platter,urbanplatter.in
FarmTaaza,farmtaaza.com
Advisorymandi.com,advisorymandi.com
Littlemore Innovation Labs,littlemoreinnovation.com
emiBazaar,emibazaar.com
LegalRaasta,legalraasta.com
Livve Homes,livvehomes.com
Lahori Zeera,lahorizeera.com
Witlinger,witlinger.com
Fyre Energy  Drink Mix,fyreenergy.com
Prothom Industries,prothom.in
ERC Eye care,erceyecare.com
Tata Passenger Electric Mobility,tatapassengerelectricmobility.vdtrxn
Hunar,hunar.ai
Dpanda,dpanda.in
FinBucket,finbucket.com
Home Exchange,homexchange.in
Artoo,artoo.com
Hygenco,hygenco.in
allround,allroundclub.com
ThugStart,thugstart.com
nuron,nuron.co.in
Solar Roof Top,solarrooftop.gov.in
Juvalia & You,juvalia.in
Peoplehr India,peoplehrindia.com
DIGITAL MALL OF ASIA,digitalmallofasia.com
Crowdfire,crowdfireapp.com
Transcell Biologics,transcellbio.science
Faaso S Food Services,fassos.com
The Education Alliance,theeducationalliance.org
Shera Group Private Limited,sheraenergy.com
ZedBlox,zedblox.com
HealthMap,healthmapdiagnostics.com
Lifezen,lifezen.in
FutureCure Health,futurecurehealth.com
GuaRented,guarented.com
CIMS Hospital,cims.org
Ducere,ducere.io
Nutriglow Cosmetics,nutriglowcosmetics.com
Theramyt Novobiologics,theramyt.com
Spanco Power Distribution,spancopower.com
SiliConch,siliconch.com
Rubans,rubans.in
Greywater,greywatertech.com
Midland Microfin,midlandmicrofin.com
AnyTimeLoan,anytimeloan.in
QuaQua,quaqua.com
Lipomic Healthcare,lipomic.com
MadBow,madbow.com
Sassafras,sassafras.in
ScaleneWorks,scaleneworks.com
LifeWell,lifewell.in
Widex India,widexindia.co.in
Plush,plushforher.com
Ruralbasket,ruralbasket.com
Finsara,finsara.app
Jay Robotix,jayrobotix.co.in
Tejovat,tejovat.com
Campus Students Communities,campusville.in
Ezon Energy Solutions,ezon.in
Swipe Telecom,swipetelecom.com
Recapita Finance,recapitafinance.com
Ushdev Power,ushdevpower.com
Ankur Healthcare,ankurhealth.com
Synctag,synctag.com
ProEdge,proedge.co
Loan Singh,loansingh.com
Greenhorn Wellness,greenhornwellness.vdtrxn
Vedix,vedix.com
Big Fish Ventures,bigfishventures.in
iLogix,ilogixsoft.com
Tradyl,tradyl.com
BoB eProcure,bobeprocure.com
Makers Hive Innovations,makershive.io
Infigo Eyecare,infigoeye.com
VClinBio,vclinbio.com
Fast Track Housing  Finance,fasttrackhfc.com
SafetyKart,safetykart.com
Zynergy Group,zynergygroup.net
Mamagoto,mamagoto.in
RentalCoins,rentalcoins.com
Zaara Biotech,zaarabiotech.com
QuickInsure,quickinsure.co.in
Gho Agro,ghoagro.com
Integrow Asset Management,integrowamc.com
Varmora Plastech,varmoraplastech.com
Eqova,eqova.co.in
GBMiners,gbminers.com
Trucking Cube,truckingcube.com
RCI Cash Management,rcicashmanagement.com
Bee Flights,beeflights.com
AyuSmart Technologies,ayusmart.com
MedECUBE,medecube.com
Datagres,datagres.com
Medecube,medecube.in
Xcelerate,xcelerateltd.com
ONTIME LOGISTICS SOLUTIONS,ontime.vdtrxn
JI Foods,jifoods.in
Exclusife,exclusife.com
IVF Access,ivfaccess.com
Arohan Foods,arohanfoods.com
Brandis India,brandisindia.com
Clarity,claritypr.in
Aartas,aartas.com
TDC,thedesignersclass.com
RealPro Advisors,realproadvisors.com
Amnic,amnic.com
BackpackerPanda,backpackerpanda.com
SUPERMOM MITALI,supermommitali.com
Primex Scans and Labs,primexscansandlabs.com
HansaResearch,hansaresearch.xyz
Zipstack,zipstack.com
indyFint,indyfint.com
Tamul Plates Marketing,tpmc.co.in
AddressHealth,addresshealth.in
Ace Digitech,acedigitech.com
Versa Drives,versadrives.com
KB,kbschoolmate.com
Atlantis Media,atlantismedia.in
Adlabs Entertainment,adlabsentertainment.com
Orchard Estate,orchardestate.in
YatraGenie,yatragenie.com
Corrit Electric,corritelectric.com
PayVEDA,payveda.com
Baker Street,bakerstreet.in
Bazar India,bazarindia.co.in
Leadership Centre,leadershipcentre.in
Arraystorm Lighting,arraystorm.com
Superfan,superfan.in
Zvesta,zvesta.com
Excellence4u,excellence4u.in
Yapanbio,yapanbio.com
wiral web,wiral.com
Avity Agrotech,avityagrotech.com
Zype,getzype.com
Krsnaa Diagnostics,krsnadiagnostics.com
Janyu Technologies,janyutechnology.com
PuStack,pustack.com
Techbooze,techbooze.com
FunOnGo,funongo.com
Ansìo,ansio.in
Hirenbhai,hirenbhai.com
Startify,startify.in
Symbio Generrics,symbiogenerics.com
Hyfun Foods,hyfunfoods.com
CaptureSolar Energy,capturesolar.com
Just Clean Rojgar,justrojgar.in
MediSponsor,medisponsor.com
Khadi Essentials,khadiessentials.com
VSPL,vspl.org
ZAARA,zaara.co.in
Ensatus Technology India Private Limited,ensatus.com
Stelling,stellingtech.com
Infinitas Energy,infinitasenergy.com
Momentz,momentz.in
Efficient Capital Labs,ecaplabs.com
NimbleEdge,nimbleedge.ai
Janus Technologies,techjanus.com
Southern Health Foods,mannahealthstore.com
Medisync,medisync.org
Advanced Structures,advancedstructures.in
Mr. Cabie,mrcabie.com
Phab,getphab.com
Godhra Expressways,godhraexpressways.com
Maroosh,maroosh.co.in
Basix Krishi Samruddhi,basixkrishi.com
SmartPrep,smartprepindia.com
Nilgai Foods,nilgaifoods.co
Panama Renewable,panamarenewable.com
ZyFin,zyfin.com
NRR Exports,nrrexports.com
mSupply,msupply.com
Jodhpur Pali Expressway,jodhpurpaliexpressway.com
Valcon,valcon.in
TuringMinds,turingminds.ai
Synergia,synergiasciences.com
ESOPDhan,esopdhan.com
Infinite Wellness,infinitewellness.in
ASL,adventumstudentliving.vdtrxn
MoNeed Technical Service,moneed.net
SFA Sporting Services,sfanow.in
EasyFi,easyfi.net.in
Micronet Broadband,mymicronetbroadband.com
All India Rasoi,allindiarasoi.com
tilla,tilla.in
Vidya Robotics,vidyarobotics.com
Infraedge,infraedgeasia.com
MAD Studios,madstudios.in
Ednovate,letsednovate.com
Omkar Clean Energy,ocespl.com
ProPhysio,prophysio.co
India Debt,indidebt.com
Tranzact,tranzact.vdtrxn
CTAP,ctapsystems.com
VawWorld,vawworldstudios.com
MN BIO-TECHNOLOGY,mnbiotech.in
Trophic Wellness,trophicwellness.com
VB Health Solutions,vbcuremart.com
